

CREATE TABLE `asesores` (
  `id_asesor` int(11) NOT NULL AUTO_INCREMENT,
  `cedula` varchar(20) NOT NULL,
  `nombre_asesor` varchar(100) NOT NULL,
  `telefono` varchar(30) NOT NULL,
  `fecha_registro` date NOT NULL DEFAULT current_timestamp(),
  PRIMARY KEY (`id_asesor`)
) ENGINE=InnoDB AUTO_INCREMENT=8 DEFAULT CHARSET=utf8mb4;

INSERT INTO asesores VALUES("4","11111111","FUNCOE","0000000","2022-01-25");
INSERT INTO asesores VALUES("6","1067892266","JESUS ALBERTO ARGEL TIRADO","3008116948","2022-01-28");
INSERT INTO asesores VALUES("7","10966345","LUIS CARLOS TIRADO VEGA","3016508428","2022-01-28");



CREATE TABLE `conceptos` (
  `id_concepto` int(11) NOT NULL AUTO_INCREMENT,
  `nombre_concepto` varchar(30) NOT NULL,
  PRIMARY KEY (`id_concepto`)
) ENGINE=InnoDB AUTO_INCREMENT=20 DEFAULT CHARSET=utf8mb4;

INSERT INTO conceptos VALUES("5","Constancia Notas");
INSERT INTO conceptos VALUES("6","Constancia Estudio");
INSERT INTO conceptos VALUES("7","Seguro");
INSERT INTO conceptos VALUES("8","Carnet");
INSERT INTO conceptos VALUES("9","Uniforme");
INSERT INTO conceptos VALUES("10","Derecho a Grado");
INSERT INTO conceptos VALUES("11","Supletorio");
INSERT INTO conceptos VALUES("12","Seminario");
INSERT INTO conceptos VALUES("13","Habilitación");
INSERT INTO conceptos VALUES("14","Inscripcion");
INSERT INTO conceptos VALUES("15","Curso Ingles");
INSERT INTO conceptos VALUES("16","Curso Lecto Escritura");
INSERT INTO conceptos VALUES("18","Clase");
INSERT INTO conceptos VALUES("19","Todos");



CREATE TABLE `dias` (
  `id_dia` int(11) NOT NULL AUTO_INCREMENT,
  `nombre` varchar(20) NOT NULL,
  PRIMARY KEY (`id_dia`)
) ENGINE=InnoDB AUTO_INCREMENT=8 DEFAULT CHARSET=utf8mb4;

INSERT INTO dias VALUES("1","LUNES");
INSERT INTO dias VALUES("2","MARTES");
INSERT INTO dias VALUES("3","MIERCOLES");
INSERT INTO dias VALUES("4","JUEVES");
INSERT INTO dias VALUES("5","VIERNES");
INSERT INTO dias VALUES("6","SABADO");
INSERT INTO dias VALUES("7","DOMINGO");



CREATE TABLE `docente` (
  `id_docente` int(11) NOT NULL AUTO_INCREMENT,
  `cedula` varchar(15) NOT NULL,
  `nombre_comp_docente` varchar(100) NOT NULL,
  `usuario` varchar(100) NOT NULL,
  `contrasena` varchar(100) NOT NULL,
  `fecha_registro` date NOT NULL DEFAULT current_timestamp(),
  `ultima_conexion` datetime DEFAULT NULL,
  `programa_id` int(11) NOT NULL,
  PRIMARY KEY (`id_docente`),
  KEY `programa_id` (`programa_id`),
  CONSTRAINT `docente_ibfk_1` FOREIGN KEY (`programa_id`) REFERENCES `programa` (`id_programa`) ON DELETE CASCADE ON UPDATE CASCADE
) ENGINE=InnoDB AUTO_INCREMENT=23 DEFAULT CHARSET=utf8mb4;




CREATE TABLE `estudiantes` (
  `id_estudiante` int(11) NOT NULL AUTO_INCREMENT,
  `cedula` varchar(20) NOT NULL,
  `fecha_nacimiento` date NOT NULL DEFAULT current_timestamp(),
  `nombres` varchar(50) NOT NULL,
  `apellidos` varchar(70) NOT NULL,
  `municipio` varchar(50) NOT NULL,
  `direccion` varchar(100) NOT NULL,
  `celular` varchar(20) NOT NULL,
  `genero` varchar(15) DEFAULT NULL,
  `recomendacion` varchar(100) NOT NULL,
  `medio_publicitario` varchar(50) NOT NULL,
  `dia_id` int(11) NOT NULL,
  `fecha_registro` date NOT NULL DEFAULT current_timestamp(),
  `jornada` varchar(20) NOT NULL,
  `numero_registro` varchar(100) NOT NULL,
  `asesor_id` int(11) NOT NULL,
  PRIMARY KEY (`id_estudiante`),
  KEY `asesor_id` (`asesor_id`),
  KEY `dia_id` (`dia_id`),
  CONSTRAINT `estudiantes_ibfk_1` FOREIGN KEY (`asesor_id`) REFERENCES `asesores` (`id_asesor`) ON DELETE CASCADE ON UPDATE CASCADE,
  CONSTRAINT `estudiantes_ibfk_2` FOREIGN KEY (`dia_id`) REFERENCES `dias` (`id_dia`) ON DELETE CASCADE ON UPDATE CASCADE
) ENGINE=InnoDB AUTO_INCREMENT=110 DEFAULT CHARSET=utf8mb4;

INSERT INTO estudiantes VALUES("14","1002999041","1996-06-23","JOSE GREGORIO","FERNANDEZ OQUENDO","MONTERIA","MZ 55 LOTE 31 VILLACIELO","3136246449","MASCULINO","Asesor","Visita Barrios","6","2022-01-29","MAñANA","h 7151","7");
INSERT INTO estudiantes VALUES("15","1067865441","2022-01-29","DAYANA GREY","MARTINEZ VIDAL","MONTERIA","MZ 55 LOTE 29 VILLACIELO","3108713518","FEMENINO","Asesor","Facebook","6","2022-01-29","MAñANA","h 7174","6");
INSERT INTO estudiantes VALUES("16","1067948991","1996-05-16","ELISA DEL CARMEN","BEGAMBRE MARTINEZ","MONTERIA","MZ 7 LOTE 3 VILLA MARGARITA","3022186768","MASCULINO","Ninguno","Visita Barrios","1","2022-01-29","MAñANA","h7025","7");
INSERT INTO estudiantes VALUES("17","1133870128","1998-11-26","ANA GREY","FURNIELES VEGA","MONTERIA","MZ 18 LOTE 11 VILLACIELO","3218602479","FEMENINO","Ninguno","Visita Barrios","6","2022-01-29","MAñANA","h7184","4");
INSERT INTO estudiantes VALUES("18","1062960592","2022-01-29","MELISA","VERTEL LEON","MONTERIA","MZ 74 LOTE 19","3147991991","FEMENINO","Asesor","Visita Barrios","6","2022-01-29","MAñANA","h 7712","7");
INSERT INTO estudiantes VALUES("19","1003431970","2022-01-29","ANGELA PATRICIA","OSTEN CAVADIA","MONTERIA","MZ 55 LOTE 25 VILLACIELO","3024695004","FEMENINO","Asesor","Visita Barrios","6","2022-01-29","MAñANA","h 7176","6");
INSERT INTO estudiantes VALUES("20","1003048099","2003-01-08","ALDAIR","CORONADO PADILLA","MONTERIA","MZ 80 LOTE 03 CANTACLARO","3007149647","MASCULINO","Ninguno","Visita Barrios","6","2022-01-29","MAñANA","h 7195","4");
INSERT INTO estudiantes VALUES("21","1067857852","2022-01-29","JENIFER","YEPES MENDOZA","MONTERIA","MZ 42 LOTE 5 LA PALMA","3113326077","FEMENINO","Ninguno","Visita Barrios","6","2022-01-29","MAñANA","h 7027","7");
INSERT INTO estudiantes VALUES("22","1003450679","1997-04-18","ORNEIDA AIDETH","ESPITIA ARGEL","MONTERIA","EL CAMPANO CASA 25","3215001437","FEMENINO","Asesor","Visita Barrios","6","2022-01-29","MAñANA","h7152","7");
INSERT INTO estudiantes VALUES("23","50930397","1973-03-20","JENNIS DE JESUS","MOGROVEJO LORA","MONTERIA","CLL 3 KR 2-21 SANTA LUCIA","3163151096","FEMENINO","Ninguno","Visita Barrios","6","2022-01-29","MAñANA","H7024","7");
INSERT INTO estudiantes VALUES("24","1064311468","2002-03-01","MARIA CLARA","MIRANDA SANCHEZ","MONTERIA","MZ B LOTE 14 EL POBLADO","3106675714","MASCULINO","Ninguno","Visita Barrios","1","2022-01-29","MAñANA","H 7131","7");
INSERT INTO estudiantes VALUES("25","1067870408","2001-11-01","FELIX JAVIER","MONTES SAENZ","MONTERIA","VILLACIELO","3147255314","MASCULINO","Ninguno","Visita Barrios","6","2022-01-29","MAñANA","h7738","4");
INSERT INTO estudiantes VALUES("26","1001035417","1998-08-25","YULIS ADELA","ALEAN QUIÑONEZ","MONTERIA","MZ I BQ 7 APTO 308 LOS RECUERDOS","3162549861","FEMENINO","Ninguno","Visita Barrios","6","2022-01-29","TARDE","H7131","7");
INSERT INTO estudiantes VALUES("27","1062432057","2022-01-29","KEREN","NEGRETE AGRESOT","MONTERIA","CLL 27 KRA 19 DORADO","3146740750","MASCULINO","Ninguno","Visita Barrios","1","2022-01-29","MAñANA","H7737","7");
INSERT INTO estudiantes VALUES("28","1067933476","1994-09-07","MERARI","NEGRETE AGRESOT","MONTERIA","DORADO","3216613636","FEMENINO","Asesor","Visita Barrios","6","2022-01-29","TARDE","G 6789","6");
INSERT INTO estudiantes VALUES("29","1067962940","1998-11-21","DANIELA","VITOLA LOPEZ","MONTERIA","CLL 1A N° 28-11 LA CANDELARIA","3106394472","FEMENINO","Ninguno","Visita Barrios","6","2022-01-29","TARDE","H7022","4");
INSERT INTO estudiantes VALUES("30","1041259943","2005-06-20","CARLOS ANDRES","HOYOS YUGO","MONTERIA","MZ 7 LOTE 3 LOS COLORES","3022165867","MASCULINO","Asesor","Visita Barrios","6","2022-01-29","TARDE","H7199","4");
INSERT INTO estudiantes VALUES("31","1003001914","2002-05-04","DANNA PAOLA","MUÑOZ LOPEZ","MONTERIA","MZ 38 LOTE 2 CANTACLARO","3005622508","FEMENINO","Ninguno","Visita Barrios","6","2022-01-29","TARDE","H7147","7");
INSERT INTO estudiantes VALUES("32","1062424688","2003-10-25","ISAURA VANESSA","AGAMEZ RAMIREZ","MONTERIA","MZ J BQ 13 APTO 101 LOS RECUERDOS","3003416476","FEMENINO","Asesor","Visita Barrios","6","2022-01-29","TARDE","H7165","7");
INSERT INTO estudiantes VALUES("33","1003001019","2002-04-16","DIANA KARINA","RIVERA ORTEGA","MONTERIA","MZ 61 LOTE 10 SAN JERONIMO","3106063721","MASCULINO","Ninguno","Visita Barrios","6","2022-01-29","TARDE","H 7724","7");
INSERT INTO estudiantes VALUES("34","1062424507","2003-11-03","LUISA FERNANDA","MORENO MARTINEZ","MONTERIA","MZ 69 LOTE 09 NISPERO","3233965225","FEMENINO","Ninguno","Visita Barrios","6","2022-01-29","TARDE","H7148","7");
INSERT INTO estudiantes VALUES("35","1067878751","2004-05-14","ANA CAROLINA","SAENZ ACEVEDO","MONTERIA","MZ 99 LOTE 1 CANTACLARO","3003124060","FEMENINO","Ninguno","Visita Barrios","6","2022-01-29","TARDE","H7181","4");
INSERT INTO estudiantes VALUES("36","1068661120","2001-01-12","GUADALUPE","ARGUMEDO PACHECO","MONTERIA","CLL 29 CRA 17 DORADO","3105353000","FEMENINO","Ninguno","Visita Barrios","6","2022-01-29","TARDE","H7158","6");
INSERT INTO estudiantes VALUES("37","1003435554","2000-11-16","MELISSA ANDREA","CUELLO ORTEGA","MONTERIA","CLL 29 CRA 17 W DORADO","3002369015","FEMENINO","Asesor","Visita Barrios","6","2022-01-29","TARDE","H7157","6");
INSERT INTO estudiantes VALUES("38","1067853397","1986-06-30","ELIZABETH","VELASQUEZ RAMOS","MONTERIA","MZ C LOTE 8 LOS RECUERDOS","3103977999","FEMENINO","Ninguno","Visita Barrios","6","2022-01-29","TARDE","H7739","4");
INSERT INTO estudiantes VALUES("39","1065010730","1997-03-10","MARIA SUSANA","LEON AGUILAR","MONTERIA","CLL 126 N° 11 -40 GARZONES","3126597011","FEMENINO","Ninguno","Visita Barrios","6","2022-01-29","TARDE","H7030","4");
INSERT INTO estudiantes VALUES("40","1067363176","2005-09-09","XIMENA CAROLINA","SOLANO GALVAN","MONTERIA","MZ 42 LOTE 40 VILLACIELO","3012213651","FEMENINO","Ninguno","Visita Barrios","1","2022-01-31","TARDE","h 7740","7");
INSERT INTO estudiantes VALUES("41","1067948131","1995-10-04","BERZAIDA DEL CARMEN","YANEZ RIVERA","MONTERIA","MZ I LOTE 10 CORVIPOL","3216090841","MASCULINO","Ninguno","Visita Barrios","1","2022-01-31","TARDE","h7741","4");
INSERT INTO estudiantes VALUES("42","1064990017","1989-09-17","ELENA DEL CARMEN","NORIEGA RAMOS","MONTERIA","MZ E LOTE 6 MINUTO DE DIOS","30452105242","FEMENINO","Ninguno","Visita Barrios","1","2022-01-31","TARDE","h 7180","4");
INSERT INTO estudiantes VALUES("43","1067846557","2004-11-17","NATALIA","MORENO PEREZ","MONTERIA","MZ 10 LOTE 1 BRISAS DEL SINU","3226255532","FEMENINO","Ninguno","Visita Barrios","1","2022-01-31","TARDE","h7182","4");
INSERT INTO estudiantes VALUES("44","1067894640","2006-04-28","JUAN SEBASTIAN","PUCHE PAEZ","MONTERIA","MZ G BLQ 1 APTO 308 LOS RECUERDOS","3146248725","MASCULINO","Ninguno","Visita Barrios","1","2022-01-31","TARDE","h7143","7");
INSERT INTO estudiantes VALUES("45","1068421761","2004-05-27","CAMILO ANDRES","BURGOS PEROZA","MONTERIA","MZ 76 LOTE 10 PRADERA","3146206306","MASCULINO","Ninguno","Visita Barrios","1","2022-01-31","TARDE","h713","7");
INSERT INTO estudiantes VALUES("46","1067894752","2008-11-07","DAVID ALFONSO","BORJA SERRANO","MONTERIA","MZ 65 LOTE 12 CANTACLARO / NISPERO","3128538360","MASCULINO","Ninguno","Visita Barrios","1","2022-01-31","TARDE","h7175","6");
INSERT INTO estudiantes VALUES("47","1067876713","2006-05-14","SEBASTIAN ANDRES","TORRES VASQUEZ","MONTERIA","MZ C BQ 8 APTO 307 LOS RECUERDOS","3215819214","MASCULINO","Ninguno","Visita Barrios","1","2022-01-31","TARDE","h7728","7");
INSERT INTO estudiantes VALUES("48","1067838096","2008-01-23","DINA LUZ","HERNANDEZ MESTRA","MONTERIA","MZ I BQ 7 APTO 407 LOS RECUERDOS","3127183823","MASCULINO","Ninguno","Visita Barrios","1","2022-01-31","MAñANA","h7161","7");
INSERT INTO estudiantes VALUES("49","1068662943","2008-11-22","KELLY JOHANA","SEGURO MARTINEZ","MONTERIA","MZ G BQ 3 APTO 108 LOS RECUERDOS","3218197300","MASCULINO","Ninguno","Visita Barrios","1","2022-01-31","TARDE","h7144","7");
INSERT INTO estudiantes VALUES("50","106862943","2008-11-22","KELLY JOHANA","SEGURA MARTINEZ","MONTERIA","MZ G BQ 3 APTO  108 LOS RECUERDOS","3218197300","MASCULINO","Asesor","Visita Barrios","1","2022-01-31","TARDE","h7144","7");
INSERT INTO estudiantes VALUES("51","1125348149","2004-08-09","ELAYSA MARIA","JESUS ECHEVERRIA","MONTERIA","DG 17 TRAV 2-108 LA GRANJA","3106861894","FEMENINO","Ninguno","Visita Barrios","1","2022-01-31","TARDE","H 7028","4");
INSERT INTO estudiantes VALUES("52","1067842494","2004-05-07","SEBASTIAN","PADILLA URANGO","MONTERIA","DG 5 TRAV 1A 3-18 PASTRANA BORRERO","3177985877","MASCULINO","Ninguno","Visita Barrios","1","2022-01-31","TARDE","H7121","4");
INSERT INTO estudiantes VALUES("53","78038171","1982-10-04","EDER ALEXANDER","OQUENDO RAMOS","MONTERIA","MZ 91 LOTE 49 LA VID","3145957486","MASCULINO","Ninguno","Visita Barrios","1","2022-01-31","TARDE","H7725","7");
INSERT INTO estudiantes VALUES("54","1062438801","2008-06-12","MARIANA","MOSQUERA TAPIA","MONTERIA","MZ H LOTE 24 LOS COLORES","3142456769","MASCULINO","Ninguno","Visita Barrios","1","2022-01-31","TARDE","H7187","6");
INSERT INTO estudiantes VALUES("55","3136773865","2006-05-24","ALBEIRO DE JESUS","HOYOS SOLANO","MONTERIA","VILLACIELO","3136773865","MASCULINO","Ninguno","Visita Barrios","1","2022-01-31","TARDE","H7178","6");
INSERT INTO estudiantes VALUES("56","1062425136","2002-12-13","DANIEL JOSE","PINTO DE LA ROSA","MONTERIA","MZ 234 LOTE 1 CANTACLARO","3147135893","MASCULINO","Ninguno","Visita Barrios","6","2022-02-01","MAñANA","h7742","4");
INSERT INTO estudiantes VALUES("57","1133794194","2002-01-13","VANESSA ALEXANDRA","AVILES VERTEL","MONTERIA","MZ C LOTE 39 EL ALIVIO","3234225094","FEMENINO","Ninguno","Visita Barrios","6","2022-02-02","MAñANA","h7744","4");
INSERT INTO estudiantes VALUES("58","1067936547","1995-01-03","ISAMAR","OSORIO NIEVES","MONTERIA","MZ 48 LOTE 8 FURATENA","3105430706","FEMENINO","Ninguno","Visita Barrios","6","2022-02-03","MAñANA","h7770","4");
INSERT INTO estudiantes VALUES("59","1067926182","1993-12-13","CLAUDIA PATRICIA","GUERRA LOPEZ","MONTERIA","CLL 28 KRA 18 EL DORADO","3233194520","FEMENINO","Ninguno","Visita Barrios","6","2022-02-04","TARDE","h7701","4");
INSERT INTO estudiantes VALUES("60","1003001905","2002-04-16","DANIELA","DORIA HOYOS","MONTERIA","MZ 48 LOTE 12 VILLA MELISSA","3137228035","FEMENINO","Ninguno","Visita Barrios","6","2022-02-04","TARDE","h7773","4");
INSERT INTO estudiantes VALUES("61","1003432487","2002-01-03","MIGUEL ANGEL","ROMERO ARRIETA","MONTERIA","MZ 4 LOTE 13 LOS ARAUJOS","3117549572","MASCULINO","Asesor","Visita Barrios","6","2022-02-04","TARDE","h7774","4");
INSERT INTO estudiantes VALUES("62","1067869568","1947-09-16","LILIANA DEL SOCORRO","PAEZ ENAMORADO","MONTERIA","DG 12 9-47 EL PRADO","3114086971","FEMENINO","Ninguno","Visita Barrios","6","2022-02-04","MAñANA","h7700","4");
INSERT INTO estudiantes VALUES("63","1062427343","2004-11-29","LILIANA PATRICIA","MARTINEZ DORIA","MONTERIA","MZ D LOTE 4 LOS NOGALES","3003309066","MASCULINO","Ninguno","Visita Barrios","1","2022-02-04","TARDE","h7748","7");
INSERT INTO estudiantes VALUES("64","1067849193","1984-10-01","IVIS SOFIA","ISSA FABRA","MONTERIA","CLL 11 CRA 17 B ROSALES DE TACASUAN","3123622321","FEMENINO","Ninguno","Visita Barrios","6","2022-02-05","TARDE","h7779","4");
INSERT INTO estudiantes VALUES("65","1073810782","2002-02-05","YULISA YULIETH","MARTINEZ ALMARIO","MONTERIA","MZ 50 LOTE 11 MI RANCHITO","3008195930","FEMENINO","Ninguno","Visita Barrios","6","2022-02-05","MAñANA","h7778","4");
INSERT INTO estudiantes VALUES("66","1024518477","1991-06-13","CARINA ANDREA","RAMOS MORA","MONTERIA","CLL 2A N° 24-02 ROBINSON PITALUA","3126242620","FEMENINO","Ninguno","Visita Barrios","6","2022-02-05","MAñANA","h7023","4");
INSERT INTO estudiantes VALUES("67","1067842049","2003-06-04","EFRAIN MIGUEL","MORELO GALARCIO","MONTERIA","MZ 1 LOTE 3 LA VID","3008195930","MASCULINO","Ninguno","Visita Barrios","6","2022-02-05","MAñANA","h7697","4");
INSERT INTO estudiantes VALUES("68","1067840620","2004-03-14","LUISA FERNANDA","MENDEZ BARRIENTOS","MONTERIA","ED MUNDO LOPEZ","3057512000","FEMENINO","Ninguno","Visita Barrios","6","2022-02-05","TARDE","h7123","4");
INSERT INTO estudiantes VALUES("69","1062957842","1999-10-07","SANDI SAUDITH","FUENTES NEGRETE","MONTERIA","MZ 5 LOTE 7 LA VID","3104737467","FEMENINO","Ninguno","Visita Barrios","6","2022-02-05","MAñANA","h7719","7");
INSERT INTO estudiantes VALUES("70","1039087680","2004-10-04","YEIDY SOFIA","BRAVO IBAñES","MONTERIA","MZ 76 LOTE 3 CANTA CLARO","3022650878","FEMENINO","Ninguno","Visita Barrios","6","2022-02-05","MAñANA","h7185","6");
INSERT INTO estudiantes VALUES("71","1067925147","1993-10-01","DANIELA JOHANA","MUñOZ RUIZ","MONTERIA","CLL 24 N° 18 DORADO","3223335529","FEMENINO","Ninguno","Visita Barrios","6","2022-02-05","MAñANA","h7156","6");
INSERT INTO estudiantes VALUES("72","1035642054","2004-06-10","LILIANA MARCELA","PAEZ HERNANDEZ","MONTERIA","MZ I BLOQUE 14 APTO 303 LOS RECUERDOS","3245947178","FEMENINO","Ninguno","Visita Barrios","6","2022-02-05","MAñANA","h7134","7");
INSERT INTO estudiantes VALUES("73","1064314094","2000-08-20","FIORELA","COLINA AVILA","MONTERIA","MZ 3 LOTE 8 LOS EBANOS","3208044850","MASCULINO","Ninguno","Visita Barrios","1","2022-02-05","MAñANA","h7723","7");
INSERT INTO estudiantes VALUES("74","1003431863","1998-01-05","BELKYS ANDREA","CUITIVA HERNANDEZ","MONTERIA","DG 15 TRAV 6 LA GRANJA","3133960059","MASCULINO","Ninguno","Visita Barrios","6","2022-02-05","MAñANA","h7743","4");
INSERT INTO estudiantes VALUES("75","1133794680","2000-07-23","ANA KARINA","ESTRADA MENDEZ","MONTERIA","SANTA CLARA","3144101639","MASCULINO","Ninguno","Visita Barrios","1","2022-02-05","MAñANA","h7115","7");
INSERT INTO estudiantes VALUES("76","1003050348","2003-06-16","JEYSI YERENIS","HOYOS RODRIGUEZ","MONTERIA","MZ 45 LOTE 8 LOS GARZONEZ","3127720349","FEMENINO","Ninguno","Visita Barrios","6","2022-02-05","MAñANA","h7714","7");
INSERT INTO estudiantes VALUES("77","1073978951","2006-09-26","ANA LUCIA","ESQUIVEL HERNANDEZ","MONTERIA","MZ I BLOQUE 5 APTO 208 LOS RECUERDOS","3217624458","FEMENINO","Ninguno","Visita Barrios","6","2022-02-05","MAñANA","h7133","7");
INSERT INTO estudiantes VALUES("78","1068416007","2000-05-24","YERLIS MARIA","BERRIO PINTO","MONTERIA","MZ E BLOQ 2 APTO 105","3205374763","FEMENINO","Ninguno","Visita Barrios","6","2022-02-05","MAñANA","h7172","6");
INSERT INTO estudiantes VALUES("79","1067969418","1999-10-25","LEIDIS PATRICIA","MORALES PAEZ","MONTERIA","MZ H BLOQ 4 APTO 306","3127118199","FEMENINO","Ninguno","Visita Barrios","6","2022-02-05","MAñANA","h7170","6");
INSERT INTO estudiantes VALUES("80","1063717455","2002-11-12","VANESA ALEXANDRA","TAPIA DIAZ","MONTERIA","MZ H LOTE 24 LOS COLORES","3042946387","MASCULINO","Ninguno","Visita Barrios","6","2022-02-05","MAñANA","h7186","6");
INSERT INTO estudiantes VALUES("81","1007608736","2000-03-27","ROSA EMILIA","RODRIGUEZ ROJAS","MONTERIA","SANTA FE ZONA VERDE","3107444809","FEMENINO","Ninguno","Visita Barrios","6","2022-02-05","MAñANA","h7716","7");
INSERT INTO estudiantes VALUES("82","1067855233","2004-09-29","ANA LORENA","ROJAS ALTAMIRANDA","MONTERIA","SANTA FE VIA TIERRA ALTA","3104746007","FEMENINO","Ninguno","Visita Barrios","6","2022-02-05","TARDE","h7780","4");
INSERT INTO estudiantes VALUES("83","1002998261","1991-10-13","CLAUDIA MARIA","ALZANDRE GONZALEZ","MONTERIA","MZ 36 LOTE 28","3205201117","MASCULINO","Ninguno","Visita Barrios","6","2022-02-05","TARDE","H7715","7");
INSERT INTO estudiantes VALUES("84","50892304","1966-03-18","ESTHER VICTORIA","MERCADO ARROYO","MONTERIA","KRA 9A N° 24-62 OSPINA PEREZ","3022869961","MASCULINO","Ninguno","Visita Barrios","6","2022-02-05","TARDE","H7703","4");
INSERT INTO estudiantes VALUES("85","1062963359","2002-04-24","LEIDYS YHOHANA","MARTINEZ PADILLA","MONTERIA","LAS PALOMAS","3113250850","FEMENINO","Ninguno","Visita Barrios","6","2022-02-05","TARDE","H7033","4");
INSERT INTO estudiantes VALUES("86","1067976953","2003-08-09","YURIMAR","BRICEÑO BARRIOS","MONTERIA","MZ 65 LOTE 1 CANTACLARO LOS NISPEROS","3008552822","FEMENINO","Ninguno","Visita Barrios","6","2022-02-05","TARDE","H7177","6");
INSERT INTO estudiantes VALUES("87","1003397137","2002-06-24","EVIS SANDRID","CALDERON OJEDA","MONTERIA","MZ 6 LOTE 8 EL PORTAL","3013420946","FEMENINO","Ninguno","Visita Barrios","6","2022-02-05","TARDE","H7717","7");
INSERT INTO estudiantes VALUES("88","1003401078","2002-05-05","KEIRA LUZ","MARTINEZ SALAS","MONTERIA","MZ F BLOQ 4 APTO 5","3126927151","MASCULINO","Ninguno","Visita Barrios","6","2022-02-05","TARDE","H7745","7");
INSERT INTO estudiantes VALUES("89","1067837039","2001-01-05","LAURA VANESSA","VALDELAMAR BLANQUICETT","MONTERIA","MZ 60 LOTE 15 MOGAMBO","3116674725","MASCULINO","Ninguno","Visita Barrios","1","2022-02-05","TARDE","H7771","4");
INSERT INTO estudiantes VALUES("90","1062429152","2003-08-23","ANA MARCELA","PADILLA RAMIREZ","MONTERIA","MZ 30 LOTE 11 VILLA JIMENEZ","3107420927","FEMENINO","Asesor","Visita Barrios","6","2022-02-05","TARDE","H7032","4");
INSERT INTO estudiantes VALUES("91","1067920485","1992-12-15","ADRIANA TERESA","DURANTE NEGRETE","MONTERIA","DG 2 N° 9-53 EL PRADO","3225755582","FEMENINO","Asesor","Visita Barrios","6","2022-02-05","TARDE","H7781","4");
INSERT INTO estudiantes VALUES("92","1003432035","1998-07-20","ANYI PAOLA","MEJIA CORCHO","MONTERIA","MZ C BQ 7 APTO 301 LOS RECUERDOS","3014035587","FEMENINO","Ninguno","Visita Barrios","6","2022-02-05","TARDE","H7731","7");
INSERT INTO estudiantes VALUES("93","1062962885","2001-06-04","YISSETH FERNANDA","CASTRILLON SOTELO","MONTERIA","MZ 25 LOTE 4 RANCHO GRANDE","3045581247","FEMENINO","Ninguno","Visita Barrios","6","2022-02-05","TARDE","h7124","4");
INSERT INTO estudiantes VALUES("94","1192731686","2002-06-27","CAROLINA ANDREA","BOLAñO BELTRAN","MONTERIA","MZ 9 LOTE 5 NUEVO HORIZONTE","3217700197","FEMENINO","Ninguno","Visita Barrios","6","2022-02-05","TARDE","h7782","4");
INSERT INTO estudiantes VALUES("95","1007765830","2001-02-08","NATALIA","HERRERA PEREZ","MONTERIA","MZ 14 LOTE 12 EL PORTAL","3016151843","FEMENINO","Ninguno","Visita Barrios","6","2022-02-05","TARDE","h7734","7");
INSERT INTO estudiantes VALUES("96","1067945258","1995-12-11","WAL JIDIS","ESPITIA TIRADO","MONTERIA","VILLACIELO","3008004293","MASCULINO","Ninguno","Visita Barrios","6","2022-02-05","TARDE","h7702","7");
INSERT INTO estudiantes VALUES("97","1067882138","1989-02-20","SANDRA PAOLA","RAMOS PASTRANA","MONTERIA","MZ D BQ 3 APTO 203 LOS RECUERDOS","3014397412","FEMENINO","Ninguno","Visita Barrios","6","2022-02-05","TARDE","F5981","7");
INSERT INTO estudiantes VALUES("98","1003292152","2003-08-15","LUZ YENIS","VERGARA PADILLA","MONTERIA","MZ 2 LOTE 20 LA FE","3113966083","FEMENINO","Ninguno","Visita Barrios","6","2022-02-05","TARDE","H7721","7");
INSERT INTO estudiantes VALUES("99","1067975125","2005-09-12","LUIS FERNANDO","ROQUEME HERNANDEZ","MONTERIA","MZ F BQ 5 APTO 407 LOS RECUERDOS","3136275457","MASCULINO","Ninguno","Visita Barrios","6","2022-02-05","TARDE","H7190","7");
INSERT INTO estudiantes VALUES("100","1062429735","2005-07-01","PAULA ANDREA","CAVADIA LOPEZ","MONTERIA","MZ 45 LOTE 10 VILLACIELO","3105390088","MASCULINO","Ninguno","Visita Barrios","1","2022-02-05","MAñANA","H7200","4");
INSERT INTO estudiantes VALUES("101","1067885112","1985-12-19","TAIS ESTHER","MANJARRES ROMERO","MONTERIA","MZ 38 LOTE 7 CANTACLARO","3226283170","MASCULINO","Asesor","Visita Barrios","6","2022-02-05","TARDE","H7711","4");
INSERT INTO estudiantes VALUES("102","1067920356","1993-03-14","KELLY LORENA","RUIZ CASTILLO","MONTERIA","TRAV 22 N° 14-30 ED MUNDO LOPEZ","3233019164","FEMENINO","Ninguno","Visita Barrios","6","2022-02-05","TARDE","H7710","4");
INSERT INTO estudiantes VALUES("103","1067875125","2005-09-12","LUIS FERNANDO","ROQUEME HERNANDEZ","MONTERIA","MZ F BQ 5 APTO 407","3136275457","MASCULINO","Asesor","Visita Barrios","6","2022-02-05","TARDE","h7190","7");
INSERT INTO estudiantes VALUES("104","1133794633","2004-06-02","YARLEIDYS","PEREZ GONZALEZ","MONTERIA","MZ 78 LOTE 21 FURATENA","3137632045","FEMENINO","Ninguno","Visita Barrios","6","2022-02-05","TARDE","h7729","7");
INSERT INTO estudiantes VALUES("105","1062433267","1998-01-10","YESMITH ADRIANA","BOLAñO CLEMENTE","MONTERIA","DG 9 15-05 ANDA LUCIA","3146428379","FEMENINO","Asesor","Visita Barrios","6","2022-02-05","TARDE","h7772","4");
INSERT INTO estudiantes VALUES("106","1067967052","1999-06-04","EVA ISABEL","SILVA SOLERA","MONTERIA","CRA 14W N° 28-34 DORADO","3146907147","FEMENINO","Asesor","Visita Barrios","6","2022-02-05","TARDE","H7139","7");
INSERT INTO estudiantes VALUES("107","1133794604","2004-04-06","ANDREA CAROLINA","RHENALS BOLAÑOS","MONTERIA","MZ 30 LOTE 20 VEREDA TROPICAL","3125400389","FEMENINO","Ninguno","Visita Barrios","6","2022-02-05","TARDE","H7125","4");
INSERT INTO estudiantes VALUES("108","1003407485","2002-04-23","ANGEL DAVID","BRU GONZALEZ","MONTERIA","MZ F LOTE 5 LOS NOGALES","3022558975","MASCULINO","Ninguno","Visita Barrios","5","2022-02-07","TARDE","h7705","4");
INSERT INTO estudiantes VALUES("109","1133795021","2022-02-07","MELISSA CRISTINA","CHAVEZ ARGUMEDO","MONTERIA","MZ F LT 6 LOS RECUERDOS","3205631478","FEMENINO","Asesor","Visita Barrios","1","2022-02-07","TARDE","h7699","7");



CREATE TABLE `matricula` (
  `id_matricula` int(11) NOT NULL AUTO_INCREMENT,
  `estudiante_id` int(11) NOT NULL,
  `programa_id` int(11) NOT NULL,
  `semestre` int(11) NOT NULL,
  `valor` decimal(19,4) NOT NULL,
  `pendiente` decimal(19,4) DEFAULT NULL,
  `saldo_favor` decimal(19,2) NOT NULL,
  `cuotas` int(10) NOT NULL,
  `nro_cuota` int(100) NOT NULL,
  `valorxcuotas` decimal(19,4) NOT NULL,
  `fecha_registro` date NOT NULL DEFAULT current_timestamp(),
  PRIMARY KEY (`id_matricula`),
  KEY `estudiante_id` (`estudiante_id`),
  KEY `programa_id` (`programa_id`),
  KEY `semestre` (`semestre`),
  CONSTRAINT `matricula_ibfk_1` FOREIGN KEY (`estudiante_id`) REFERENCES `estudiantes` (`id_estudiante`) ON DELETE CASCADE ON UPDATE CASCADE,
  CONSTRAINT `matricula_ibfk_2` FOREIGN KEY (`programa_id`) REFERENCES `programa` (`id_programa`) ON DELETE CASCADE ON UPDATE CASCADE,
  CONSTRAINT `matricula_ibfk_3` FOREIGN KEY (`semestre`) REFERENCES `semestres` (`id_semestre`) ON DELETE CASCADE ON UPDATE CASCADE
) ENGINE=InnoDB AUTO_INCREMENT=144 DEFAULT CHARSET=utf8mb4;

INSERT INTO matricula VALUES("40","24","17","1","312000.0000","286000.0000","0.00","24","2","13000.0000","2022-01-29");
INSERT INTO matricula VALUES("41","23","17","1","312000.0000","286000.0000","0.00","24","2","13000.0000","2022-01-29");
INSERT INTO matricula VALUES("42","16","17","1","312000.0000","299000.0000","0.00","24","1","13000.0000","2022-01-29");
INSERT INTO matricula VALUES("43","22","17","1","312000.0000","299000.0000","0.00","24","1","13000.0000","2022-01-29");
INSERT INTO matricula VALUES("44","20","17","1","312000.0000","299000.0000","0.00","24","1","13000.0000","2022-01-29");
INSERT INTO matricula VALUES("45","21","17","1","312000.0000","299000.0000","0.00","24","1","13000.0000","2022-01-29");
INSERT INTO matricula VALUES("46","15","17","1","312000.0000","299000.0000","0.00","24","1","13000.0000","2022-01-29");
INSERT INTO matricula VALUES("47","25","17","1","312000.0000","299000.0000","0.00","24","1","13000.0000","2022-01-29");
INSERT INTO matricula VALUES("48","18","17","1","312000.0000","312000.0000","0.00","24","0","13000.0000","2022-01-29");
INSERT INTO matricula VALUES("49","19","17","1","312000.0000","312000.0000","0.00","24","0","13000.0000","2022-01-29");
INSERT INTO matricula VALUES("50","17","17","1","312000.0000","299000.0000","0.00","24","1","13000.0000","2022-01-29");
INSERT INTO matricula VALUES("51","14","17","1","312000.0000","299000.0000","0.00","24","1","13000.0000","2022-01-29");
INSERT INTO matricula VALUES("52","38","18","1","312000.0000","299000.0000","0.00","24","1","13000.0000","2022-01-29");
INSERT INTO matricula VALUES("53","37","18","1","312000.0000","299000.0000","0.00","24","1","13000.0000","2022-01-29");
INSERT INTO matricula VALUES("54","28","18","1","312000.0000","299000.0000","0.00","24","1","13000.0000","2022-01-29");
INSERT INTO matricula VALUES("55","29","18","1","312000.0000","299000.0000","0.00","24","1","13000.0000","2022-01-29");
INSERT INTO matricula VALUES("56","30","18","1","312000.0000","312000.0000","0.00","24","0","13000.0000","2022-01-29");
INSERT INTO matricula VALUES("57","31","18","1","312000.0000","312000.0000","0.00","24","0","13000.0000","2022-01-29");
INSERT INTO matricula VALUES("58","32","18","1","312000.0000","312000.0000","0.00","24","0","13000.0000","2022-01-29");
INSERT INTO matricula VALUES("59","33","18","1","312000.0000","312000.0000","0.00","24","0","13000.0000","2022-01-29");
INSERT INTO matricula VALUES("60","34","18","1","312000.0000","312000.0000","0.00","24","0","13000.0000","2022-01-29");
INSERT INTO matricula VALUES("61","36","18","1","312000.0000","312000.0000","0.00","24","0","13000.0000","2022-01-29");
INSERT INTO matricula VALUES("62","35","18","1","312000.0000","299000.0000","0.00","24","1","13000.0000","2022-01-29");
INSERT INTO matricula VALUES("63","26","18","1","312000.0000","299000.0000","0.00","24","1","13000.0000","2022-01-29");
INSERT INTO matricula VALUES("64","27","18","1","312000.0000","312000.0000","0.00","24","1","13000.0000","2022-01-29");
INSERT INTO matricula VALUES("65","54","19","1","208000.0000","208000.0000","0.00","16","0","13000.0000","2022-01-31");
INSERT INTO matricula VALUES("66","53","19","1","208000.0000","156000.0000","39000.00","16","1","13000.0000","2022-01-31");
INSERT INTO matricula VALUES("67","52","19","1","208000.0000","182000.0000","0.00","16","2","13000.0000","2022-01-31");
INSERT INTO matricula VALUES("68","51","19","1","208000.0000","195000.0000","0.00","16","1","13000.0000","2022-01-31");
INSERT INTO matricula VALUES("69","49","19","1","208000.0000","208000.0000","0.00","16","0","13000.0000","2022-01-31");
INSERT INTO matricula VALUES("70","48","19","1","208000.0000","208000.0000","0.00","16","0","13000.0000","2022-01-31");
INSERT INTO matricula VALUES("71","47","19","1","208000.0000","205000.0000","-10000.00","16","1","13000.0000","2022-01-31");
INSERT INTO matricula VALUES("72","46","19","1","208000.0000","208000.0000","0.00","16","0","13000.0000","2022-01-31");
INSERT INTO matricula VALUES("73","45","19","1","208000.0000","195000.0000","0.00","16","1","13000.0000","2022-01-31");
INSERT INTO matricula VALUES("74","42","19","1","208000.0000","182000.0000","0.00","16","2","13000.0000","2022-01-31");
INSERT INTO matricula VALUES("75","44","19","1","208000.0000","208000.0000","0.00","16","0","13000.0000","2022-01-31");
INSERT INTO matricula VALUES("76","43","19","1","208000.0000","182000.0000","0.00","16","2","13000.0000","2022-01-31");
INSERT INTO matricula VALUES("77","41","19","1","208000.0000","182000.0000","0.00","16","2","13000.0000","2022-01-31");
INSERT INTO matricula VALUES("78","40","19","1","208000.0000","156000.0000","39000.00","16","1","13000.0000","2022-01-31");
INSERT INTO matricula VALUES("79","55","19","1","208000.0000","180000.0000","2000.00","16","2","13000.0000","2022-01-31");
INSERT INTO matricula VALUES("80","56","17","1","312000.0000","286000.0000","0.00","24","2","13000.0000","2022-02-01");
INSERT INTO matricula VALUES("81","57","17","1","312000.0000","299000.0000","0.00","24","1","13000.0000","2022-02-02");
INSERT INTO matricula VALUES("82","58","20","1","324000.0000","324000.0000","0.00","24","0","13500.0000","2022-02-03");
INSERT INTO matricula VALUES("83","59","18","1","312000.0000","299000.0000","0.00","24","1","13000.0000","2022-02-04");
INSERT INTO matricula VALUES("84","60","20","1","324000.0000","324000.0000","0.00","24","0","13500.0000","2022-02-04");
INSERT INTO matricula VALUES("85","61","18","1","312000.0000","299000.0000","0.00","24","1","13000.0000","2022-02-04");
INSERT INTO matricula VALUES("86","62","16","1","312000.0000","306000.0000","-7000.00","24","1","13000.0000","2022-02-04");
INSERT INTO matricula VALUES("87","63","21","1","312000.0000","312000.0000","0.00","24","0","13000.0000","2022-02-04");
INSERT INTO matricula VALUES("88","64","16","1","312000.0000","312000.0000","0.00","24","0","13000.0000","2022-02-05");
INSERT INTO matricula VALUES("89","66","17","1","312000.0000","312000.0000","0.00","24","0","13000.0000","2022-02-05");
INSERT INTO matricula VALUES("90","65","17","1","312000.0000","299000.0000","0.00","24","1","13000.0000","2022-02-05");
INSERT INTO matricula VALUES("91","67","17","1","312000.0000","312000.0000","0.00","24","0","13000.0000","2022-02-05");
INSERT INTO matricula VALUES("92","68","20","1","324000.0000","310500.0000","0.00","24","1","13500.0000","2022-02-05");
INSERT INTO matricula VALUES("93","69","20","1","324000.0000","324000.0000","0.00","24","0","13500.0000","2022-02-05");
INSERT INTO matricula VALUES("94","70","20","1","324000.0000","324000.0000","0.00","24","0","13500.0000","2022-02-05");
INSERT INTO matricula VALUES("95","72","20","1","324000.0000","324000.0000","0.00","24","0","13500.0000","2022-02-05");
INSERT INTO matricula VALUES("96","73","20","1","324000.0000","324000.0000","0.00","24","0","13500.0000","2022-02-05");
INSERT INTO matricula VALUES("97","74","20","1","324000.0000","324000.0000","0.00","24","0","13500.0000","2022-02-05");
INSERT INTO matricula VALUES("98","71","20","1","324000.0000","324000.0000","0.00","24","0","13500.0000","2022-02-05");
INSERT INTO matricula VALUES("99","75","20","1","324000.0000","324000.0000","0.00","24","0","13500.0000","2022-02-05");
INSERT INTO matricula VALUES("100","76","20","1","324000.0000","324000.0000","0.00","24","0","13500.0000","2022-02-05");
INSERT INTO matricula VALUES("101","77","20","1","324000.0000","297000.0000","13500.00","24","1","13500.0000","2022-02-05");
INSERT INTO matricula VALUES("102","78","20","1","324000.0000","324000.0000","0.00","24","0","13500.0000","2022-02-05");
INSERT INTO matricula VALUES("103","79","20","1","324000.0000","324000.0000","0.00","24","0","13500.0000","2022-02-05");
INSERT INTO matricula VALUES("104","80","20","1","324000.0000","324000.0000","0.00","24","0","13500.0000","2022-02-05");
INSERT INTO matricula VALUES("105","82","16","1","312000.0000","299000.0000","0.00","24","1","13000.0000","2022-02-05");
INSERT INTO matricula VALUES("106","81","20","1","324000.0000","324000.0000","0.00","24","0","13500.0000","2022-02-05");
INSERT INTO matricula VALUES("108","83","16","1","312000.0000","312000.0000","0.00","24","0","13000.0000","2022-02-05");
INSERT INTO matricula VALUES("109","84","16","1","312000.0000","312000.0000","0.00","24","0","13000.0000","2022-02-05");
INSERT INTO matricula VALUES("110","85","16","1","312000.0000","312000.0000","0.00","24","0","13000.0000","2022-02-05");
INSERT INTO matricula VALUES("111","86","16","1","312000.0000","312000.0000","0.00","24","0","13000.0000","2022-02-05");
INSERT INTO matricula VALUES("112","87","16","1","312000.0000","312000.0000","0.00","24","0","13000.0000","2022-02-05");
INSERT INTO matricula VALUES("113","88","16","1","312000.0000","312000.0000","0.00","24","0","13000.0000","2022-02-05");
INSERT INTO matricula VALUES("114","89","16","1","312000.0000","312000.0000","0.00","24","0","13000.0000","2022-02-05");
INSERT INTO matricula VALUES("116","90","16","1","312000.0000","312000.0000","0.00","24","0","13000.0000","2022-02-05");
INSERT INTO matricula VALUES("117","91","16","1","312000.0000","312000.0000","0.00","24","0","13000.0000","2022-02-05");
INSERT INTO matricula VALUES("118","92","16","1","312000.0000","312000.0000","0.00","24","0","13000.0000","2022-02-05");
INSERT INTO matricula VALUES("119","93","16","1","312000.0000","299000.0000","0.00","24","1","13000.0000","2022-02-05");
INSERT INTO matricula VALUES("120","102","18","1","312000.0000","299000.0000","0.00","24","1","13000.0000","2022-02-05");
INSERT INTO matricula VALUES("121","101","18","1","312000.0000","299000.0000","0.00","24","1","13000.0000","2022-02-05");
INSERT INTO matricula VALUES("122","94","18","1","312000.0000","299000.0000","0.00","24","1","13000.0000","2022-02-05");
INSERT INTO matricula VALUES("125","103","18","1","312000.0000","312000.0000","0.00","24","0","13000.0000","2022-02-05");
INSERT INTO matricula VALUES("127","98","18","1","312000.0000","299000.0000","0.00","24","1","13000.0000","2022-02-05");
INSERT INTO matricula VALUES("128","97","18","1","312000.0000","312000.0000","0.00","24","0","13000.0000","2022-02-05");
INSERT INTO matricula VALUES("129","96","18","1","312000.0000","299000.0000","0.00","24","1","13000.0000","2022-02-05");
INSERT INTO matricula VALUES("131","95","18","1","312000.0000","312000.0000","0.00","24","0","13000.0000","2022-02-05");
INSERT INTO matricula VALUES("133","104","18","1","312000.0000","312000.0000","0.00","24","0","13000.0000","2022-02-05");
INSERT INTO matricula VALUES("134","100","18","1","312000.0000","312000.0000","-13000.00","24","0","13000.0000","2022-02-05");
INSERT INTO matricula VALUES("135","39","18","1","312000.0000","299000.0000","0.00","24","1","13000.0000","2022-02-05");
INSERT INTO matricula VALUES("136","105","18","1","312000.0000","299000.0000","0.00","24","1","13000.0000","2022-02-05");
INSERT INTO matricula VALUES("139","107","21","1","312000.0000","312000.0000","0.00","24","0","13000.0000","2022-02-05");
INSERT INTO matricula VALUES("140","106","18","1","312000.0000","312000.0000","0.00","24","0","13000.0000","2022-02-05");
INSERT INTO matricula VALUES("141","107","18","1","312000.0000","312000.0000","0.00","24","0","13000.0000","2022-02-05");
INSERT INTO matricula VALUES("142","108","19","1","208000.0000","208000.0000","0.00","16","0","13000.0000","2022-02-07");
INSERT INTO matricula VALUES("143","109","19","1","208000.0000","208000.0000","0.00","16","0","13000.0000","2022-02-07");



CREATE TABLE `modulo` (
  `id_modulo` int(11) NOT NULL AUTO_INCREMENT,
  `nombre_modulo` varchar(80) NOT NULL,
  `programa_id` int(11) NOT NULL,
  `semestre` int(11) NOT NULL,
  PRIMARY KEY (`id_modulo`),
  KEY `programa_id` (`programa_id`),
  KEY `semestre` (`semestre`),
  KEY `semestre_2` (`semestre`),
  CONSTRAINT `modulo_ibfk_1` FOREIGN KEY (`programa_id`) REFERENCES `programa` (`id_programa`) ON DELETE CASCADE ON UPDATE CASCADE,
  CONSTRAINT `modulo_ibfk_2` FOREIGN KEY (`semestre`) REFERENCES `semestres` (`id_semestre`) ON DELETE CASCADE ON UPDATE CASCADE
) ENGINE=InnoDB AUTO_INCREMENT=33 DEFAULT CHARSET=utf8mb4;




CREATE TABLE `pagos` (
  `id_pago` int(11) NOT NULL AUTO_INCREMENT,
  `matricula_id` int(11) NOT NULL,
  `concepto_id` int(11) NOT NULL,
  `valor` decimal(19,4) NOT NULL,
  `fecha_pago` date NOT NULL DEFAULT current_timestamp(),
  PRIMARY KEY (`id_pago`),
  KEY `estudiante_id` (`matricula_id`),
  KEY `concepto_id` (`concepto_id`),
  KEY `matricula_id` (`matricula_id`),
  CONSTRAINT `pagos_ibfk_1` FOREIGN KEY (`concepto_id`) REFERENCES `conceptos` (`id_concepto`) ON DELETE CASCADE ON UPDATE CASCADE,
  CONSTRAINT `pagos_ibfk_2` FOREIGN KEY (`matricula_id`) REFERENCES `matricula` (`id_matricula`) ON DELETE CASCADE ON UPDATE CASCADE
) ENGINE=InnoDB AUTO_INCREMENT=351 DEFAULT CHARSET=utf8mb4;

INSERT INTO pagos VALUES("214","47","14","25000.0000","2022-01-29");
INSERT INTO pagos VALUES("215","46","14","12000.0000","2022-01-29");
INSERT INTO pagos VALUES("216","45","18","13000.0000","2022-01-29");
INSERT INTO pagos VALUES("217","44","14","22000.0000","2022-01-29");
INSERT INTO pagos VALUES("218","43","14","22000.0000","2022-01-29");
INSERT INTO pagos VALUES("219","41","18","13000.0000","2022-01-29");
INSERT INTO pagos VALUES("220","40","14","22000.0000","2022-01-29");
INSERT INTO pagos VALUES("221","40","18","8000.0000","2022-01-29");
INSERT INTO pagos VALUES("222","50","14","22000.0000","2022-01-29");
INSERT INTO pagos VALUES("223","51","14","22000.0000","2022-01-29");
INSERT INTO pagos VALUES("224","52","14","25000.0000","2022-01-29");
INSERT INTO pagos VALUES("225","53","14","15000.0000","2022-01-29");
INSERT INTO pagos VALUES("226","54","14","10000.0000","2022-01-29");
INSERT INTO pagos VALUES("227","55","18","13000.0000","2022-01-29");
INSERT INTO pagos VALUES("228","56","14","5000.0000","2022-01-29");
INSERT INTO pagos VALUES("229","58","14","22000.0000","2022-01-29");
INSERT INTO pagos VALUES("230","59","14","22000.0000","2022-01-29");
INSERT INTO pagos VALUES("231","61","14","15000.0000","2022-01-29");
INSERT INTO pagos VALUES("232","62","14","22000.0000","2022-01-29");
INSERT INTO pagos VALUES("233","63","14","22000.0000","2022-01-29");
INSERT INTO pagos VALUES("234","64","14","22000.0000","2022-01-29");
INSERT INTO pagos VALUES("236","78","14","25000.0000","2022-01-31");
INSERT INTO pagos VALUES("237","78","18","52000.0000","2022-01-31");
INSERT INTO pagos VALUES("238","77","14","20000.0000","2022-01-31");
INSERT INTO pagos VALUES("239","77","18","13000.0000","2022-01-31");
INSERT INTO pagos VALUES("240","76","18","13000.0000","2022-01-31");
INSERT INTO pagos VALUES("241","74","14","10000.0000","2022-01-31");
INSERT INTO pagos VALUES("242","74","18","13000.0000","2022-01-31");
INSERT INTO pagos VALUES("243","73","14","17000.0000","2022-01-31");
INSERT INTO pagos VALUES("244","73","18","13000.0000","2022-01-31");
INSERT INTO pagos VALUES("245","72","14","17000.0000","2022-01-31");
INSERT INTO pagos VALUES("246","71","14","17000.0000","2022-01-31");
INSERT INTO pagos VALUES("247","71","18","3000.0000","2022-01-31");
INSERT INTO pagos VALUES("248","70","14","5000.0000","2022-01-31");
INSERT INTO pagos VALUES("249","69","14","17000.0000","2022-01-31");
INSERT INTO pagos VALUES("250","67","18","13000.0000","2022-01-31");
INSERT INTO pagos VALUES("251","66","14","17000.0000","2022-01-31");
INSERT INTO pagos VALUES("252","79","14","17000.0000","2022-01-31");
INSERT INTO pagos VALUES("253","79","18","13000.0000","2022-01-31");
INSERT INTO pagos VALUES("255","81","14","25000.0000","2022-02-02");
INSERT INTO pagos VALUES("256","82","14","25000.0000","2022-02-03");
INSERT INTO pagos VALUES("257","83","14","25000.0000","2022-02-04");
INSERT INTO pagos VALUES("258","84","14","25000.0000","2022-02-04");
INSERT INTO pagos VALUES("259","85","14","25000.0000","2022-02-04");
INSERT INTO pagos VALUES("260","86","14","25000.0000","2022-02-04");
INSERT INTO pagos VALUES("261","87","14","25000.0000","2022-02-04");
INSERT INTO pagos VALUES("262","80","18","25000.0000","2022-02-04");
INSERT INTO pagos VALUES("263","88","14","25000.0000","2022-02-05");
INSERT INTO pagos VALUES("264","81","18","13000.0000","2022-02-05");
INSERT INTO pagos VALUES("265","89","14","22000.0000","2022-02-05");
INSERT INTO pagos VALUES("266","90","14","25000.0000","2022-02-05");
INSERT INTO pagos VALUES("267","90","18","13000.0000","2022-02-05");
INSERT INTO pagos VALUES("268","80","18","1000.0000","2022-02-05");
INSERT INTO pagos VALUES("269","92","18","13500.0000","2022-02-05");
INSERT INTO pagos VALUES("270","93","14","22000.0000","2022-02-05");
INSERT INTO pagos VALUES("271","92","14","15000.0000","2022-02-05");
INSERT INTO pagos VALUES("272","94","14","22000.0000","2022-02-05");
INSERT INTO pagos VALUES("273","95","14","22000.0000","2022-02-05");
INSERT INTO pagos VALUES("274","96","14","22000.0000","2022-02-05");
INSERT INTO pagos VALUES("275","97","14","22000.0000","2022-02-05");
INSERT INTO pagos VALUES("276","98","14","11000.0000","2022-02-05");
INSERT INTO pagos VALUES("277","99","14","22000.0000","2022-02-05");
INSERT INTO pagos VALUES("278","100","14","22000.0000","2022-02-05");
INSERT INTO pagos VALUES("279","101","14","22000.0000","2022-02-05");
INSERT INTO pagos VALUES("280","101","18","27000.0000","2022-02-05");
INSERT INTO pagos VALUES("281","102","14","22000.0000","2022-02-05");
INSERT INTO pagos VALUES("282","103","14","5000.0000","2022-02-05");
INSERT INTO pagos VALUES("283","105","14","25000.0000","2022-02-05");
INSERT INTO pagos VALUES("284","105","18","13000.0000","2022-02-05");
INSERT INTO pagos VALUES("285","106","14","22000.0000","2022-02-05");
INSERT INTO pagos VALUES("286","41","18","13000.0000","2022-02-05");
INSERT INTO pagos VALUES("287","47","18","13000.0000","2022-02-05");
INSERT INTO pagos VALUES("288","50","18","13000.0000","2022-02-05");
INSERT INTO pagos VALUES("289","46","18","13000.0000","2022-02-05");
INSERT INTO pagos VALUES("290","48","14","22000.0000","2022-02-05");
INSERT INTO pagos VALUES("291","46","14","13000.0000","2022-02-05");
INSERT INTO pagos VALUES("292","40","18","18000.0000","2022-02-05");
INSERT INTO pagos VALUES("293","43","18","13000.0000","2022-02-05");
INSERT INTO pagos VALUES("294","44","18","13000.0000","2022-02-05");
INSERT INTO pagos VALUES("295","51","18","13000.0000","2022-02-05");
INSERT INTO pagos VALUES("296","42","18","13000.0000","2022-02-05");
INSERT INTO pagos VALUES("298","49","14","22000.0000","2022-02-05");
INSERT INTO pagos VALUES("299","108","14","13000.0000","2022-02-05");
INSERT INTO pagos VALUES("300","109","14","25000.0000","2022-02-05");
INSERT INTO pagos VALUES("301","111","14","22000.0000","2022-02-05");
INSERT INTO pagos VALUES("302","113","14","13000.0000","2022-02-05");
INSERT INTO pagos VALUES("303","113","14","5000.0000","2022-02-05");
INSERT INTO pagos VALUES("304","86","18","6000.0000","2022-02-05");
INSERT INTO pagos VALUES("305","114","14","22000.0000","2022-02-05");
INSERT INTO pagos VALUES("306","119","18","13000.0000","2022-02-05");
INSERT INTO pagos VALUES("307","120","14","22000.0000","2022-02-05");
INSERT INTO pagos VALUES("308","121","14","22000.0000","2022-02-05");
INSERT INTO pagos VALUES("309","121","18","13000.0000","2022-02-05");
INSERT INTO pagos VALUES("310","120","18","13000.0000","2022-02-05");
INSERT INTO pagos VALUES("311","122","14","25000.0000","2022-02-05");
INSERT INTO pagos VALUES("312","122","18","13000.0000","2022-02-05");
INSERT INTO pagos VALUES("315","125","14","20000.0000","2022-02-05");
INSERT INTO pagos VALUES("316","117","14","25000.0000","2022-02-05");
INSERT INTO pagos VALUES("317","127","14","22000.0000","2022-02-05");
INSERT INTO pagos VALUES("318","127","18","13000.0000","2022-02-05");
INSERT INTO pagos VALUES("319","128","14","22000.0000","2022-02-05");
INSERT INTO pagos VALUES("320","129","14","22000.0000","2022-02-05");
INSERT INTO pagos VALUES("321","129","18","13000.0000","2022-02-05");
INSERT INTO pagos VALUES("322","83","18","13000.0000","2022-02-05");
INSERT INTO pagos VALUES("323","85","18","13000.0000","2022-02-05");
INSERT INTO pagos VALUES("324","131","14","10000.0000","2022-02-05");
INSERT INTO pagos VALUES("325","133","14","13500.0000","2022-02-05");
INSERT INTO pagos VALUES("327","52","18","13000.0000","2022-02-05");
INSERT INTO pagos VALUES("328","135","18","13000.0000","2022-02-05");
INSERT INTO pagos VALUES("329","63","18","13000.0000","2022-02-05");
INSERT INTO pagos VALUES("330","62","18","13000.0000","2022-02-05");
INSERT INTO pagos VALUES("331","54","14","12000.0000","2022-02-05");
INSERT INTO pagos VALUES("332","54","18","13000.0000","2022-02-05");
INSERT INTO pagos VALUES("333","53","18","13000.0000","2022-02-05");
INSERT INTO pagos VALUES("334","60","14","22000.0000","2022-02-05");
INSERT INTO pagos VALUES("335","56","14","9000.0000","2022-02-05");
INSERT INTO pagos VALUES("336","136","14","25000.0000","2022-02-05");
INSERT INTO pagos VALUES("337","136","18","13000.0000","2022-02-05");
INSERT INTO pagos VALUES("339","140","14","10000.0000","2022-02-05");
INSERT INTO pagos VALUES("340","142","14","20000.0000","2022-02-07");
INSERT INTO pagos VALUES("341","79","18","15000.0000","2022-02-07");
INSERT INTO pagos VALUES("342","77","18","13000.0000","2022-02-07");
INSERT INTO pagos VALUES("343","76","18","13000.0000","2022-02-07");
INSERT INTO pagos VALUES("344","75","14","5000.0000","2022-02-07");
INSERT INTO pagos VALUES("345","67","18","13000.0000","2022-02-07");
INSERT INTO pagos VALUES("346","66","18","52000.0000","2022-02-07");
INSERT INTO pagos VALUES("347","74","18","13000.0000","2022-02-07");
INSERT INTO pagos VALUES("348","70","14","5000.0000","2022-02-07");
INSERT INTO pagos VALUES("349","68","18","13000.0000","2022-02-07");
INSERT INTO pagos VALUES("350","143","14","5000.0000","2022-02-07");



CREATE TABLE `pensum` (
  `id_pensum` int(11) NOT NULL AUTO_INCREMENT,
  `programa_id` int(11) NOT NULL,
  `semestre_id` int(11) NOT NULL,
  `cantidad_clases` int(11) NOT NULL,
  `valor` decimal(19,4) NOT NULL,
  PRIMARY KEY (`id_pensum`),
  KEY `programa_id` (`programa_id`),
  KEY `semestre_id` (`semestre_id`),
  CONSTRAINT `pensum_ibfk_1` FOREIGN KEY (`semestre_id`) REFERENCES `semestres` (`id_semestre`) ON DELETE CASCADE ON UPDATE CASCADE,
  CONSTRAINT `pensum_ibfk_2` FOREIGN KEY (`programa_id`) REFERENCES `programa` (`id_programa`) ON DELETE CASCADE ON UPDATE CASCADE
) ENGINE=InnoDB AUTO_INCREMENT=27 DEFAULT CHARSET=utf8mb4;

INSERT INTO pensum VALUES("11","16","1","24","312000.0000");
INSERT INTO pensum VALUES("12","16","2","24","348000.0000");
INSERT INTO pensum VALUES("13","16","3","24","384000.0000");
INSERT INTO pensum VALUES("14","17","1","24","312000.0000");
INSERT INTO pensum VALUES("15","17","2","24","348000.0000");
INSERT INTO pensum VALUES("16","17","3","28","448000.0000");
INSERT INTO pensum VALUES("17","18","1","24","312000.0000");
INSERT INTO pensum VALUES("18","18","2","24","348000.0000");
INSERT INTO pensum VALUES("19","18","3","24","384000.0000");
INSERT INTO pensum VALUES("20","19","1","16","208000.0000");
INSERT INTO pensum VALUES("21","20","1","24","324000.0000");
INSERT INTO pensum VALUES("22","20","2","24","360000.0000");
INSERT INTO pensum VALUES("23","20","3","24","396000.0000");
INSERT INTO pensum VALUES("24","21","1","24","312000.0000");
INSERT INTO pensum VALUES("25","21","2","24","348000.0000");
INSERT INTO pensum VALUES("26","21","3","28","448000.0000");



CREATE TABLE `programa` (
  `id_programa` int(11) NOT NULL AUTO_INCREMENT,
  `nombre_programa` varchar(50) NOT NULL,
  PRIMARY KEY (`id_programa`)
) ENGINE=InnoDB AUTO_INCREMENT=22 DEFAULT CHARSET=utf8mb4;

INSERT INTO programa VALUES("16","T.L ATENCION A LA PRIMERA INFANCIA");
INSERT INTO programa VALUES("17","T.L EN MERCADERISTA E IMPULSADOR");
INSERT INTO programa VALUES("18","T.L EN AUXILIAR EN ARCHIVO Y REGISTRO");
INSERT INTO programa VALUES("19","CURSO DE INFORMATICA BASICA");
INSERT INTO programa VALUES("20","T.L.C EN PELUQUERO ESTILISTA");
INSERT INTO programa VALUES("21","T.L EN AUXILIAR EN SECRETARIO(A) EJECUTIVO");



CREATE TABLE `semestres` (
  `id_semestre` int(11) NOT NULL AUTO_INCREMENT,
  `nombre_semestre` varchar(1) NOT NULL,
  PRIMARY KEY (`id_semestre`)
) ENGINE=InnoDB AUTO_INCREMENT=4 DEFAULT CHARSET=utf8mb4;

INSERT INTO semestres VALUES("1","1");
INSERT INTO semestres VALUES("2","2");
INSERT INTO semestres VALUES("3","3");



CREATE TABLE `turnos` (
  `id_turno` int(11) NOT NULL AUTO_INCREMENT,
  `modulo_id` int(11) NOT NULL,
  `cant_horas` int(10) NOT NULL,
  `sueldo` decimal(19,4) NOT NULL,
  `fecha_registro` date NOT NULL DEFAULT current_timestamp(),
  `docente_id` int(11) NOT NULL,
  PRIMARY KEY (`id_turno`),
  KEY `modulo_id` (`modulo_id`),
  KEY `docente_id` (`docente_id`),
  CONSTRAINT `turnos_ibfk_1` FOREIGN KEY (`docente_id`) REFERENCES `docente` (`id_docente`) ON DELETE CASCADE ON UPDATE CASCADE,
  CONSTRAINT `turnos_ibfk_2` FOREIGN KEY (`modulo_id`) REFERENCES `modulo` (`id_modulo`) ON DELETE CASCADE ON UPDATE CASCADE
) ENGINE=InnoDB AUTO_INCREMENT=88 DEFAULT CHARSET=utf8mb4;




CREATE TABLE `usuarios` (
  `id_usuario` int(11) NOT NULL AUTO_INCREMENT,
  `cedula` varchar(15) NOT NULL,
  `nombre_completo` varchar(80) NOT NULL,
  `rol` varchar(20) NOT NULL,
  `usuario` varchar(20) NOT NULL,
  `contrasena` varchar(100) NOT NULL,
  `fecha_registro` datetime NOT NULL DEFAULT current_timestamp(),
  `ultima_conexion` datetime DEFAULT NULL,
  PRIMARY KEY (`id_usuario`)
) ENGINE=InnoDB AUTO_INCREMENT=2 DEFAULT CHARSET=utf8mb4;

INSERT INTO usuarios VALUES("1","1111111","Yetis Potes","admin","admin","@yetopotes","2022-01-18 13:34:14","2022-01-24 10:25:55");

